armie,miranda































,































,































armie,po































,



armie,jean



,

,
armie,jen
armie,miranda
rieza espejo,espejo
rieza,joy
joy,j
r,r
